Workbook

Sheet Db
A1: CodProd | B1: CodTipNeg | C1: DtEmissao | D1: Cotacao | E1: VlrIS
A2: 31111 | B2: 1 | C2: 46722 | D2: =SUMIFS(DbCtc!$D:$D,DbCtc!$A:$A,$A2,DbCtc!$B:$B,$B2,DbCtc!$C:$C,$C2) -> 548631 | E2: =SUMIFS(DbVlrIS!$D:$D,DbVlrIS!$A:$A,$A2,DbVlrIS!$B:$B,$B2,DbVlrIS!$C:$C,$C2) -> 143524.66
A3: 31111 | B3: 1 | C3: 46692 | D3: =SUMIFS(DbCtc!$D:$D,DbCtc!$A:$A,$A3,DbCtc!$B:$B,$B3,DbCtc!$C:$C,$C3) -> 519328 | E3: =SUMIFS(DbVlrIS!$D:$D,DbVlrIS!$A:$A,$A3,DbVlrIS!$B:$B,$B3,DbVlrIS!$C:$C,$C3) -> 142379.16
A4: 31111 | B4: 1 | C4: 46661 | D4: =SUMIFS(DbCtc!$D:$D,DbCtc!$A:$A,$A4,DbCtc!$B:$B,$B4,DbCtc!$C:$C,$C4) -> 490361 | E4: =SUMIFS(DbVlrIS!$D:$D,DbVlrIS!$A:$A,$A4,DbVlrIS!$B:$B,$B4,DbVlrIS!$C:$C,$C4) -> 143014.59
A5: 31111 | B5: 1 | C5: 46631 | D5: =SUMIFS(DbCtc!$D:$D,DbCtc!$A:$A,$A5,DbCtc!$B:$B,$B5,DbCtc!$C:$C,$C5) -> 538682 | E5: =SUMIFS(DbVlrIS!$D:$D,DbVlrIS!$A:$A,$A5,DbVlrIS!$B:$B,$B5,DbVlrIS!$C:$C,$C5) -> 142480.87
A6: 31111 | B6: 1 | C6: 46600 | D6: =SUMIFS(DbCtc!$D:$D,DbCtc!$A:$A,$A6,DbCtc!$B:$B,$B6,DbCtc!$C:$C,$C6) -> 560902 | E6: =SUMIFS(DbVlrIS!$D:$D,DbVlrIS!$A:$A,$A6,DbVlrIS!$B:$B,$B6,DbVlrIS!$C:$C,$C6) -> 140953
A7: 31111 | B7: 1 | C7: 46569 | D7: =SUMIFS(DbCtc!$D:$D,DbCtc!$A:$A,$A7,DbCtc!$B:$B,$B7,DbCtc!$C:$C,$C7) -> 557490 | E7: =SUMIFS(DbVlrIS!$D:$D,DbVlrIS!$A:$A,$A7,DbVlrIS!$B:$B,$B7,DbVlrIS!$C:$C,$C7) -> 139490.8
A8: 31111 | B8: 1 | C8: 46539 | D8: =SUMIFS(DbCtc!$D:$D,DbCtc!$A:$A,$A8,DbCtc!$B:$B,$B8,DbCtc!$C:$C,$C8) -> 554100 | E8: =SUMIFS(DbVlrIS!$D:$D,DbVlrIS!$A:$A,$A8,DbVlrIS!$B:$B,$B8,DbVlrIS!$C:$C,$C8) -> 139748.03
A9: 31111 | B9: 1 | C9: 46508 | D9: =SUMIFS(DbCtc!$D:$D,DbCtc!$A:$A,$A9,DbCtc!$B:$B,$B9,DbCtc!$C:$C,$C9) -> 500664 | E9: =SUMIFS(DbVlrIS!$D:$D,DbVlrIS!$A:$A,$A9,DbVlrIS!$B:$B,$B9,DbVlrIS!$C:$C,$C9) -> 138069.63
A10: 31111 | B10: 1 | C10: 46478 | D10: =SUMIFS(DbCtc!$D:$D,DbCtc!$A:$A,$A10,DbCtc!$B:$B,$B10,DbCtc!$C:$C,$C10) -> 522500 | E10: =SUMIFS(DbVlrIS!$D:$D,DbVlrIS!$A:$A,$A10,DbVlrIS!$B:$B,$B10,DbVlrIS!$C:$C,$C10) -> 138892.12
A11: 31111 | B11: 1 | C11: 46447 | D11: =SUMIFS(DbCtc!$D:$D,DbCtc!$A:$A,$A11,DbCtc!$B:$B,$B11,DbCtc!$C:$C,$C11) -> 544052 | E11: =SUMIFS(DbVlrIS!$D:$D,DbVlrIS!$A:$A,$A11,DbVlrIS!$B:$B,$B11,DbVlrIS!$C:$C,$C11) -> 137497.19
A12: 31111 | B12: 1 | C12: 46419 | D12: =SUMIFS(DbCtc!$D:$D,DbCtc!$A:$A,$A12,DbCtc!$B:$B,$B12,DbCtc!$C:$C,$C12) -> 442426 | E12: =SUMIFS(DbVlrIS!$D:$D,DbVlrIS!$A:$A,$A12,DbVlrIS!$B:$B,$B12,DbVlrIS!$C:$C,$C12) -> 136005.28
A13: 31111 | B13: 1 | C13: 46388 | D13: =SUMIFS(DbCtc!$D:$D,DbCtc!$A:$A,$A13,DbCtc!$B:$B,$B13,DbCtc!$C:$C,$C13) -> 488595 | E13: =SUMIFS(DbVlrIS!$D:$D,DbVlrIS!$A:$A,$A13,DbVlrIS!$B:$B,$B13,DbVlrIS!$C:$C,$C13) -> 135577.81
... A49: 31111 | B49: 1 | C49: 45292 | D49: =SUMIFS(DbCtc!$D:$D,DbCtc!$A:$A,$A49,DbCtc!$B:$B,$B49,DbCtc!$C:$C,$C49) -> 437919 | E49: =SUMIFS(DbVlrIS!$D:$D,DbVlrIS!$A:$A,$A49,DbVlrIS!$B:$B,$B49,DbVlrIS!$C:$C,$C49) -> 110333.85
A50: 31111 | B50: 2 | C50: =C2 -> 46722 | D50: =SUMIFS(DbCtc!$D:$D,DbCtc!$A:$A,$A50,DbCtc!$B:$B,$B50,DbCtc!$C:$C,$C50) -> 0 | E50: =SUMIFS(DbVlrIS!$D:$D,DbVlrIS!$A:$A,$A50,DbVlrIS!$B:$B,$B50,DbVlrIS!$C:$C,$C50) -> 104942.58
A51: 31111 | B51: 2 | C51: =C3 -> 46692 | D51: =SUMIFS(DbCtc!$D:$D,DbCtc!$A:$A,$A51,DbCtc!$B:$B,$B51,DbCtc!$C:$C,$C51) -> 0 | E51: =SUMIFS(DbVlrIS!$D:$D,DbVlrIS!$A:$A,$A51,DbVlrIS!$B:$B,$B51,DbVlrIS!$C:$C,$C51) -> 104430.01
A52: 31111 | B52: 2 | C52: =C4 -> 46661 | D52: =SUMIFS(DbCtc!$D:$D,DbCtc!$A:$A,$A52,DbCtc!$B:$B,$B52,DbCtc!$C:$C,$C52) -> 0 | E52: =SUMIFS(DbVlrIS!$D:$D,DbVlrIS!$A:$A,$A52,DbVlrIS!$B:$B,$B52,DbVlrIS!$C:$C,$C52) -> 103671.59
A53: 31111 | B53: 2 | C53: =C5 -> 46631 | D53: =SUMIFS(DbCtc!$D:$D,DbCtc!$A:$A,$A53,DbCtc!$B:$B,$B53,DbCtc!$C:$C,$C53) -> 0 | E53: =SUMIFS(DbVlrIS!$D:$D,DbVlrIS!$A:$A,$A53,DbVlrIS!$B:$B,$B53,DbVlrIS!$C:$C,$C53) -> 103447.32
A54: 31111 | B54: 2 | C54: =C6 -> 46600 | D54: =SUMIFS(DbCtc!$D:$D,DbCtc!$A:$A,$A54,DbCtc!$B:$B,$B54,DbCtc!$C:$C,$C54) -> 0 | E54: =SUMIFS(DbVlrIS!$D:$D,DbVlrIS!$A:$A,$A54,DbVlrIS!$B:$B,$B54,DbVlrIS!$C:$C,$C54) -> 102271.23
A55: 31111 | B55: 2 | C55: =C7 -> 46569 | D55: =SUMIFS(DbCtc!$D:$D,DbCtc!$A:$A,$A55,DbCtc!$B:$B,$B55,DbCtc!$C:$C,$C55) -> 0 | E55: =SUMIFS(DbVlrIS!$D:$D,DbVlrIS!$A:$A,$A55,DbVlrIS!$B:$B,$B55,DbVlrIS!$C:$C,$C55) -> 101902.04
A56: 31111 | B56: 2 | C56: =C8 -> 46539 | D56: =SUMIFS(DbCtc!$D:$D,DbCtc!$A:$A,$A56,DbCtc!$B:$B,$B56,DbCtc!$C:$C,$C56) -> 0 | E56: =SUMIFS(DbVlrIS!$D:$D,DbVlrIS!$A:$A,$A56,DbVlrIS!$B:$B,$B56,DbVlrIS!$C:$C,$C56) -> 103143.93
A57: 31111 | B57: 2 | C57: =C9 -> 46508 | D57: =SUMIFS(DbCtc!$D:$D,DbCtc!$A:$A,$A57,DbCtc!$B:$B,$B57,DbCtc!$C:$C,$C57) -> 0 | E57: =SUMIFS(DbVlrIS!$D:$D,DbVlrIS!$A:$A,$A57,DbVlrIS!$B:$B,$B57,DbVlrIS!$C:$C,$C57) -> 102824.96
A58: 31111 | B58: 2 | C58: =C10 -> 46478 | D58: =SUMIFS(DbCtc!$D:$D,DbCtc!$A:$A,$A58,DbCtc!$B:$B,$B58,DbCtc!$C:$C,$C58) -> 0 | E58: =SUMIFS(DbVlrIS!$D:$D,DbVlrIS!$A:$A,$A58,DbVlrIS!$B:$B,$B58,DbVlrIS!$C:$C,$C58) -> 101957.91
A59: 31111 | B59: 2 | C59: =C11 -> 46447 | D59: =SUMIFS(DbCtc!$D:$D,DbCtc!$A:$A,$A59,DbCtc!$B:$B,$B59,DbCtc!$C:$C,$C59) -> 0 | E59: =SUMIFS(DbVlrIS!$D:$D,DbVlrIS!$A:$A,$A59,DbVlrIS!$B:$B,$B59,DbVlrIS!$C:$C,$C59) -> 101534.68
A60: 31111 | B60: 2 | C60: =C12 -> 46419 | D60: =SUMIFS(DbCtc!$D:$D,DbCtc!$A:$A,$A60,DbCtc!$B:$B,$B60,DbCtc!$C:$C,$C60) -> 0 | E60: =SUMIFS(DbVlrIS!$D:$D,DbVlrIS!$A:$A,$A60,DbVlrIS!$B:$B,$B60,DbVlrIS!$C:$C,$C60) -> 100388.98
A61: 31111 | B61: 2 | C61: =C13 -> 46388 | D61: =SUMIFS(DbCtc!$D:$D,DbCtc!$A:$A,$A61,DbCtc!$B:$B,$B61,DbCtc!$C:$C,$C61) -> 0 | E61: =SUMIFS(DbVlrIS!$D:$D,DbVlrIS!$A:$A,$A61,DbVlrIS!$B:$B,$B61,DbVlrIS!$C:$C,$C61) -> 99836.748
... A1297: 432 | B1297: 3 | C1297: =C1249 -> 45292 | D1297: =SUMIFS(DbCtc!$D:$D,DbCtc!$A:$A,$A1297,DbCtc!$B:$B,$B1297,DbCtc!$C:$C,$C1297) -> 1237 | E1297: =SUMIFS(DbVlrIS!$D:$D,DbVlrIS!$A:$A,$A1297,DbVlrIS!$B:$B,$B1297,DbVlrIS!$C:$C,$C1297) -> 41892.939

Sheet DbCtc
A1: CodProd | B1: CodTipNeg | C1: DtEmissao | D1: QtdCtc
A2: 31111 | B2: 1 | C2: 45292 | D2: 437919
A3: 31111 | B3: 1 | C3: 45323 | D3: 394295
A4: 31111 | B4: 1 | C4: 45352 | D4: 389427
A5: 31111 | B5: 1 | C5: 45383 | D5: 415399
A6: 31111 | B6: 1 | C6: 45413 | D6: 400565
A7: 31111 | B7: 1 | C7: 45444 | D7: 411815
A8: 31111 | B8: 1 | C8: 45474 | D8: 458839
A9: 31111 | B9: 1 | C9: 45505 | D9: 428796
A10: 31111 | B10: 1 | C10: 45536 | D10: 412516
A11: 31111 | B11: 1 | C11: 45566 | D11: 457168
A12: 31111 | B12: 1 | C12: 45597 | D12: 413924
A13: 31111 | B13: 1 | C13: 45627 | D13: 439017
... A961: 139 | B961: 3 | C961: 46722 | D961: 28193

Sheet DbVlrIS
A1: CodProd | B1: CodTipNeg | C1: DtEmissao | D1: VlrIS | E1: WritItem
A2: 31111 | B2: 1 | C2: 44440 | D2: 0 | E2: =SUMIFS(TbApol[ItensEmit],TbApol[CodProd],$A2,TbApol[CodTipNeg],$B2,TbApol[DtEmissao],$C2) -> 0
A3: 31111 | B3: 1 | C3: 44470 | D3: 0 | E3: =SUMIFS(TbApol[ItensEmit],TbApol[CodProd],$A3,TbApol[CodTipNeg],$B3,TbApol[DtEmissao],$C3) -> 0
A4: 31111 | B4: 1 | C4: 44501 | D4: 0 | E4: =SUMIFS(TbApol[ItensEmit],TbApol[CodProd],$A4,TbApol[CodTipNeg],$B4,TbApol[DtEmissao],$C4) -> 0
A5: 31111 | B5: 1 | C5: 44531 | D5: 0 | E5: =SUMIFS(TbApol[ItensEmit],TbApol[CodProd],$A5,TbApol[CodTipNeg],$B5,TbApol[DtEmissao],$C5) -> 0
A6: 31111 | B6: 1 | C6: 44562 | D6: 103799.8 | E6: =SUMIFS(TbApol[ItensEmit],TbApol[CodProd],$A6,TbApol[CodTipNeg],$B6,TbApol[DtEmissao],$C6) -> 13760
A7: 31111 | B7: 1 | C7: 44593 | D7: 103610.37 | E7: =SUMIFS(TbApol[ItensEmit],TbApol[CodProd],$A7,TbApol[CodTipNeg],$B7,TbApol[DtEmissao],$C7) -> 14040
A8: 31111 | B8: 1 | C8: 44621 | D8: 110186.49 | E8: =SUMIFS(TbApol[ItensEmit],TbApol[CodProd],$A8,TbApol[CodTipNeg],$B8,TbApol[DtEmissao],$C8) -> 15629
A9: 31111 | B9: 1 | C9: 44652 | D9: 115750.6 | E9: =SUMIFS(TbApol[ItensEmit],TbApol[CodProd],$A9,TbApol[CodTipNeg],$B9,TbApol[DtEmissao],$C9) -> 12248
A10: 31111 | B10: 1 | C10: 44682 | D10: 116869.71 | E10: =SUMIFS(TbApol[ItensEmit],TbApol[CodProd],$A10,TbApol[CodTipNeg],$B10,TbApol[DtEmissao],$C10) -> 15863
A11: 31111 | B11: 1 | C11: 44713 | D11: 115310.99 | E11: =SUMIFS(TbApol[ItensEmit],TbApol[CodProd],$A11,TbApol[CodTipNeg],$B11,TbApol[DtEmissao],$C11) -> 17696
A12: 31111 | B12: 1 | C12: 44743 | D12: 110964.29 | E12: =SUMIFS(TbApol[ItensEmit],TbApol[CodProd],$A12,TbApol[CodTipNeg],$B12,TbApol[DtEmissao],$C12) -> 16533
A13: 31111 | B13: 1 | C13: 44774 | D13: 106776.39 | E13: =SUMIFS(TbApol[ItensEmit],TbApol[CodProd],$A13,TbApol[CodTipNeg],$B13,TbApol[DtEmissao],$C13) -> 19523
... A3565: 139 | B3565: 3 | C3565: 48427 | D3565: 129293.79 | E3565: =SUMIFS(TbApol[ItensEmit],TbApol[CodProd],$A3565,TbApol[CodTipNeg],$B3565,TbApol[DtEmissao],$C3565) -> 0

Sheet DbApol
A1: CodProd | B1: CodTipNeg | C1: DtEmissao | D1: Lags | E1: DtRefCtb | F1: PremEmit | G1: PremEndos | H1: PremCanc | I1: GWP | J1: ItensEmit | K1: ItensEndos | L1: ItensCanc | M1: ItensLiq | N1: CombinationID
A2: 31020 | B2: -8 | C2: 44228 | D2: 11 | E2: 44562 | F2: 0 | G2: -13.49 | H2: 0 | I2: -13.49 | J2: 0 | K2: 0 | L2: 0 | M2: 0 | N2: -5
A3: 31020 | B3: -8 | C3: 44256 | D3: 10 | E3: 44562 | F3: 0 | G3: 1013.79 | H3: -187.29 | I3: 826.5 | J3: 0 | K3: 1 | L3: 1 | M3: -1 | N3: -5
A4: 31020 | B4: -8 | C4: 44317 | D4: 8 | E4: 44562 | F4: 0 | G4: 2294 | H4: -507.94 | I4: 1786.06 | J4: 0 | K4: 1 | L4: 1 | M4: -1 | N4: -5
A5: 31020 | B5: -8 | C5: 44378 | D5: 6 | E5: 44562 | F5: 0 | G5: 805.65 | H5: 0 | I5: 805.65 | J5: 0 | K5: 0 | L5: 0 | M5: 0 | N5: -5
A6: 31020 | B6: -8 | C6: 44409 | D6: 5 | E6: 44562 | F6: 0 | G6: 1445.42 | H6: 0 | I6: 1445.42 | J6: 0 | K6: 0 | L6: 0 | M6: 0 | N6: -5
A7: 31020 | B7: -8 | C7: 44409 | D7: 11 | E7: 44743 | F7: 0 | G7: 324.94 | H7: 0 | I7: 324.94 | J7: 0 | K7: 0 | L7: 0 | M7: 0 | N7: -5
A8: 31020 | B8: -8 | C8: 44409 | D8: 13 | E8: 44805 | F8: 0 | G8: 0 | H8: -241.19 | I8: -241.19 | J8: 0 | K8: 0 | L8: 2 | M8: -2 | N8: -5
A9: 31020 | B9: -8 | C9: 44440 | D9: 10 | E9: 44743 | F9: 0 | G9: 2529.02 | H9: 0 | I9: 2529.02 | J9: 0 | K9: 6 | L9: 0 | M9: 0 | N9: -5
A10: 31020 | B10: -8 | C10: 44470 | D10: 11 | E10: 44805 | F10: 0 | G10: 1731.32 | H10: 0 | I10: 1731.32 | J10: 0 | K10: 6 | L10: 0 | M10: 0 | N10: -5
A11: 31020 | B11: -8 | C11: 44501 | D11: 8 | E11: 44743 | F11: 0 | G11: 1128.95 | H11: 0 | I11: 1128.95 | J11: 0 | K11: 1 | L11: 0 | M11: 0 | N11: -5
A12: 31020 | B12: -8 | C12: 44501 | D12: 10 | E12: 44805 | F12: 0 | G12: 558.61 | H12: 0 | I12: 558.61 | J12: 0 | K12: 0 | L12: 0 | M12: 0 | N12: -5
A13: 31020 | B13: -8 | C13: 44531 | D13: 1 | E13: 44562 | F13: 0 | G13: 0 | H13: -15261.38 | I13: -15261.38 | J13: 0 | K13: 0 | L13: 5 | M13: -5 | N13: -5
... A12253: 431 | B12253: 3 | C12253: 46023 | D12253: 0 | E12253: 46023 | F12253: 96264880 | G12253: 38755.595 | H12253: -1007898.6 | I12253: 95295737 | J12253: 37720 | K12253: 0 | L12253: 367 | M12253: 37353 | N12253: -5

Sheet TxEmit
D3: CodProd | E3: 432
D4: CodTipNeg | E4: 3
D6: Dt | E6: VlrIS | F6: WritItem | G6: Actuals | H6: Proj | I6: Bsl
D7: 45658 | E7: =SUMIFS(DbVlrIS!$D:$D,DbVlrIS!$A:$A,$E$3,DbVlrIS!$B:$B,$E$4,DbVlrIS!$C:$C,$D7) -> 44448.46 | F7: =IFERROR(SUMIFS(TbApol[PremEmit],TbApol[CodProd],$E$3,TbApol[CodTipNeg],$E$4,TbApol[DtEmissao],$D7)/ SUMIFS(TbApol[ItensEmit],TbApol[CodProd],$E$3,TbApol[CodTipNeg],$E$4,TbApol[DtEmissao],$D7),NA()) -> #N/A | G7: =IFERROR(F7/$E7*100,0) -> 0
D8: 45689 | E8: =SUMIFS(DbVlrIS!$D:$D,DbVlrIS!$A:$A,$E$3,DbVlrIS!$B:$B,$E$4,DbVlrIS!$C:$C,$D8) -> 45707.433 | F8: =IFERROR(SUMIFS(TbApol[PremEmit],TbApol[CodProd],$E$3,TbApol[CodTipNeg],$E$4,TbApol[DtEmissao],$D8)/ SUMIFS(TbApol[ItensEmit],TbApol[CodProd],$E$3,TbApol[CodTipNeg],$E$4,TbApol[DtEmissao],$D8),NA()) -> #N/A | G8: =IFERROR(F8/E8*100,0) -> 0
D9: 45717 | E9: =SUMIFS(DbVlrIS!$D:$D,DbVlrIS!$A:$A,$E$3,DbVlrIS!$B:$B,$E$4,DbVlrIS!$C:$C,$D9) -> 46328.849 | F9: =IFERROR(SUMIFS(TbApol[PremEmit],TbApol[CodProd],$E$3,TbApol[CodTipNeg],$E$4,TbApol[DtEmissao],$D9)/ SUMIFS(TbApol[ItensEmit],TbApol[CodProd],$E$3,TbApol[CodTipNeg],$E$4,TbApol[DtEmissao],$D9),NA()) -> #N/A | G9: =IFERROR(F9/E9*100,0) -> 0
D10: 45748 | E10: =SUMIFS(DbVlrIS!$D:$D,DbVlrIS!$A:$A,$E$3,DbVlrIS!$B:$B,$E$4,DbVlrIS!$C:$C,$D10) -> 49154.998 | F10: =IFERROR(SUMIFS(TbApol[PremEmit],TbApol[CodProd],$E$3,TbApol[CodTipNeg],$E$4,TbApol[DtEmissao],$D10)/ SUMIFS(TbApol[ItensEmit],TbApol[CodProd],$E$3,TbApol[CodTipNeg],$E$4,TbApol[DtEmissao],$D10),NA()) -> #N/A | G10: =IFERROR(F10/E10*100,0) -> 0
D11: 45778 | E11: =SUMIFS(DbVlrIS!$D:$D,DbVlrIS!$A:$A,$E$3,DbVlrIS!$B:$B,$E$4,DbVlrIS!$C:$C,$D11) -> 43617.788 | F11: =IFERROR(SUMIFS(TbApol[PremEmit],TbApol[CodProd],$E$3,TbApol[CodTipNeg],$E$4,TbApol[DtEmissao],$D11)/ SUMIFS(TbApol[ItensEmit],TbApol[CodProd],$E$3,TbApol[CodTipNeg],$E$4,TbApol[DtEmissao],$D11),NA()) -> #N/A | G11: =IFERROR(F11/E11*100,0) -> 0
D12: 45809 | E12: =SUMIFS(DbVlrIS!$D:$D,DbVlrIS!$A:$A,$E$3,DbVlrIS!$B:$B,$E$4,DbVlrIS!$C:$C,$D12) -> 46437.502 | F12: =IFERROR(SUMIFS(TbApol[PremEmit],TbApol[CodProd],$E$3,TbApol[CodTipNeg],$E$4,TbApol[DtEmissao],$D12)/ SUMIFS(TbApol[ItensEmit],TbApol[CodProd],$E$3,TbApol[CodTipNeg],$E$4,TbApol[DtEmissao],$D12),NA()) -> #N/A | G12: =IFERROR(F12/E12*100,0) -> 0
D13: 45839 | E13: =SUMIFS(DbVlrIS!$D:$D,DbVlrIS!$A:$A,$E$3,DbVlrIS!$B:$B,$E$4,DbVlrIS!$C:$C,$D13) -> 44922.014 | F13: =IFERROR(SUMIFS(TbApol[PremEmit],TbApol[CodProd],$E$3,TbApol[CodTipNeg],$E$4,TbApol[DtEmissao],$D13)/ SUMIFS(TbApol[ItensEmit],TbApol[CodProd],$E$3,TbApol[CodTipNeg],$E$4,TbApol[DtEmissao],$D13),NA()) -> #N/A | G13: =IFERROR(F13/E13*100,0) -> 0
D14: 45870 | E14: =SUMIFS(DbVlrIS!$D:$D,DbVlrIS!$A:$A,$E$3,DbVlrIS!$B:$B,$E$4,DbVlrIS!$C:$C,$D14) -> 47326.814 | F14: =IFERROR(SUMIFS(TbApol[PremEmit],TbApol[CodProd],$E$3,TbApol[CodTipNeg],$E$4,TbApol[DtEmissao],$D14)/ SUMIFS(TbApol[ItensEmit],TbApol[CodProd],$E$3,TbApol[CodTipNeg],$E$4,TbApol[DtEmissao],$D14),NA()) -> #N/A | G14: =IFERROR(F14/E14*100,0) -> 0
D15: 45901 | E15: =SUMIFS(DbVlrIS!$D:$D,DbVlrIS!$A:$A,$E$3,DbVlrIS!$B:$B,$E$4,DbVlrIS!$C:$C,$D15) -> 47693.769 | F15: =IFERROR(SUMIFS(TbApol[PremEmit],TbApol[CodProd],$E$3,TbApol[CodTipNeg],$E$4,TbApol[DtEmissao],$D15)/ SUMIFS(TbApol[ItensEmit],TbApol[CodProd],$E$3,TbApol[CodTipNeg],$E$4,TbApol[DtEmissao],$D15),NA()) -> #N/A | G15: =IFERROR(F15/E15*100,0) -> 0
D16: 45931 | E16: =SUMIFS(DbVlrIS!$D:$D,DbVlrIS!$A:$A,$E$3,DbVlrIS!$B:$B,$E$4,DbVlrIS!$C:$C,$D16) -> 47677.743 | F16: =IFERROR(SUMIFS(TbApol[PremEmit],TbApol[CodProd],$E$3,TbApol[CodTipNeg],$E$4,TbApol[DtEmissao],$D16)/ SUMIFS(TbApol[ItensEmit],TbApol[CodProd],$E$3,TbApol[CodTipNeg],$E$4,TbApol[DtEmissao],$D16),NA()) -> #N/A | G16: =IFERROR(F16/E16*100,0) -> 0
D17: 45962 | E17: =SUMIFS(DbVlrIS!$D:$D,DbVlrIS!$A:$A,$E$3,DbVlrIS!$B:$B,$E$4,DbVlrIS!$C:$C,$D17) -> 45311.022 | F17: =IFERROR(SUMIFS(TbApol[PremEmit],TbApol[CodProd],$E$3,TbApol[CodTipNeg],$E$4,TbApol[DtEmissao],$D17)/ SUMIFS(TbApol[ItensEmit],TbApol[CodProd],$E$3,TbApol[CodTipNeg],$E$4,TbApol[DtEmissao],$D17),NA()) -> #N/A | G17: =IFERROR(F17/E17*100,0) -> 0
D18: 45992 | E18: =SUMIFS(DbVlrIS!$D:$D,DbVlrIS!$A:$A,$E$3,DbVlrIS!$B:$B,$E$4,DbVlrIS!$C:$C,$D18) -> 50130.719 | F18: =IFERROR(SUMIFS(TbApol[PremEmit],TbApol[CodProd],$E$3,TbApol[CodTipNeg],$E$4,TbApol[DtEmissao],$D18)/ SUMIFS(TbApol[ItensEmit],TbApol[CodProd],$E$3,TbApol[CodTipNeg],$E$4,TbApol[DtEmissao],$D18),NA()) -> #N/A | G18: =IFERROR(F18/E18*100,0) -> 0
D19: 46023 | E19: =SUMIFS(DbVlrIS!$D:$D,DbVlrIS!$A:$A,$E$3,DbVlrIS!$B:$B,$E$4,DbVlrIS!$C:$C,$D19) -> 47570.698 | F19: =IFERROR(SUMIFS(TbApol[PremEmit],TbApol[CodProd],$E$3,TbApol[CodTipNeg],$E$4,TbApol[DtEmissao],$D19)/ SUMIFS(TbApol[ItensEmit],TbApol[CodProd],$E$3,TbApol[CodTipNeg],$E$4,TbApol[DtEmissao],$D19),NA()) -> #N/A | G19: =IFERROR(F19/E19*100,0) -> 0 | H19: =G19 -> 0 | I19: =SUMIFS(TbBsl[TxEmit],TbBsl[CodTipNeg],$E$4,TbBsl[CodProd],$E$3)*100 -> 0
D20: 46054 | E20: =SUMIFS(DbVlrIS!$D:$D,DbVlrIS!$A:$A,$E$3,DbVlrIS!$B:$B,$E$4,DbVlrIS!$C:$C,$D20) -> 47403.992 | F20: =IFERROR(SUMIFS(TbApol[PremEmit],TbApol[CodProd],$E$3,TbApol[CodTipNeg],$E$4,TbApol[DtEmissao],$D20)/ SUMIFS(TbApol[ItensEmit],TbApol[CodProd],$E$3,TbApol[CodTipNeg],$E$4,TbApol[DtEmissao],$D20),NA()) -> #N/A | H20: =AVERAGE($G$17:$G$19) -> 0 | I20: =SUMIFS(TbBsl[TxEmit],TbBsl[CodTipNeg],$E$4,TbBsl[CodProd],$E$3)*100 -> 0
D21: 46082 | E21: =SUMIFS(DbVlrIS!$D:$D,DbVlrIS!$A:$A,$E$3,DbVlrIS!$B:$B,$E$4,DbVlrIS!$C:$C,$D21) -> 46520.12 | F21: =IFERROR(SUMIFS(TbApol[PremEmit],TbApol[CodProd],$E$3,TbApol[CodTipNeg],$E$4,TbApol[DtEmissao],$D21)/ SUMIFS(TbApol[ItensEmit],TbApol[CodProd],$E$3,TbApol[CodTipNeg],$E$4,TbApol[DtEmissao],$D21),NA()) -> #N/A | H21: =AVERAGE($G$17:$G$19) -> 0 | I21: =SUMIFS(TbBsl[TxEmit],TbBsl[CodTipNeg],$E$4,TbBsl[CodProd],$E$3)*100 -> 0
D22: 46113 | E22: =SUMIFS(DbVlrIS!$D:$D,DbVlrIS!$A:$A,$E$3,DbVlrIS!$B:$B,$E$4,DbVlrIS!$C:$C,$D22) -> 47875.904 | F22: =IFERROR(SUMIFS(TbApol[PremEmit],TbApol[CodProd],$E$3,TbApol[CodTipNeg],$E$4,TbApol[DtEmissao],$D22)/ SUMIFS(TbApol[ItensEmit],TbApol[CodProd],$E$3,TbApol[CodTipNeg],$E$4,TbApol[DtEmissao],$D22),NA()) -> #N/A | H22: =AVERAGE($G$17:$G$19) -> 0 | I22: =SUMIFS(TbBsl[TxEmit],TbBsl[CodTipNeg],$E$4,TbBsl[CodProd],$E$3)*100 -> 0
D23: 46143 | E23: =SUMIFS(DbVlrIS!$D:$D,DbVlrIS!$A:$A,$E$3,DbVlrIS!$B:$B,$E$4,DbVlrIS!$C:$C,$D23) -> 48120.304 | F23: =IFERROR(SUMIFS(TbApol[PremEmit],TbApol[CodProd],$E$3,TbApol[CodTipNeg],$E$4,TbApol[DtEmissao],$D23)/ SUMIFS(TbApol[ItensEmit],TbApol[CodProd],$E$3,TbApol[CodTipNeg],$E$4,TbApol[DtEmissao],$D23),NA()) -> #N/A | H23: =AVERAGE($G$17:$G$19) -> 0 | I23: =SUMIFS(TbBsl[TxEmit],TbBsl[CodTipNeg],$E$4,TbBsl[CodProd],$E$3)*100 -> 0
D24: 46174 | E24: =SUMIFS(DbVlrIS!$D:$D,DbVlrIS!$A:$A,$E$3,DbVlrIS!$B:$B,$E$4,DbVlrIS!$C:$C,$D24) -> 49913.184 | F24: =IFERROR(SUMIFS(TbApol[PremEmit],TbApol[CodProd],$E$3,TbApol[CodTipNeg],$E$4,TbApol[DtEmissao],$D24)/ SUMIFS(TbApol[ItensEmit],TbApol[CodProd],$E$3,TbApol[CodTipNeg],$E$4,TbApol[DtEmissao],$D24),NA()) -> #N/A | H24: =AVERAGE($G$17:$G$19) -> 0 | I24: =SUMIFS(TbBsl[TxEmit],TbBsl[CodTipNeg],$E$4,TbBsl[CodProd],$E$3)*100 -> 0
D25: 46204 | E25: =SUMIFS(DbVlrIS!$D:$D,DbVlrIS!$A:$A,$E$3,DbVlrIS!$B:$B,$E$4,DbVlrIS!$C:$C,$D25) -> 49616.406 | F25: =IFERROR(SUMIFS(TbApol[PremEmit],TbApol[CodProd],$E$3,TbApol[CodTipNeg],$E$4,TbApol[DtEmissao],$D25)/ SUMIFS(TbApol[ItensEmit],TbApol[CodProd],$E$3,TbApol[CodTipNeg],$E$4,TbApol[DtEmissao],$D25),NA()) -> #N/A | H25: =AVERAGE($G$17:$G$19) -> 0 | I25: =SUMIFS(TbBsl[TxEmit],TbBsl[CodTipNeg],$E$4,TbBsl[CodProd],$E$3)*100 -> 0
D26: 46235 | E26: =SUMIFS(DbVlrIS!$D:$D,DbVlrIS!$A:$A,$E$3,DbVlrIS!$B:$B,$E$4,DbVlrIS!$C:$C,$D26) -> 49439.275 | F26: =IFERROR(SUMIFS(TbApol[PremEmit],TbApol[CodProd],$E$3,TbApol[CodTipNeg],$E$4,TbApol[DtEmissao],$D26)/ SUMIFS(TbApol[ItensEmit],TbApol[CodProd],$E$3,TbApol[CodTipNeg],$E$4,TbApol[DtEmissao],$D26),NA()) -> #N/A | H26: =AVERAGE($G$17:$G$19) -> 0 | I26: =SUMIFS(TbBsl[TxEmit],TbBsl[CodTipNeg],$E$4,TbBsl[CodProd],$E$3)*100 -> 0
D27: 46266 | E27: =SUMIFS(DbVlrIS!$D:$D,DbVlrIS!$A:$A,$E$3,DbVlrIS!$B:$B,$E$4,DbVlrIS!$C:$C,$D27) -> 48764.199 | F27: =IFERROR(SUMIFS(TbApol[PremEmit],TbApol[CodProd],$E$3,TbApol[CodTipNeg],$E$4,TbApol[DtEmissao],$D27)/ SUMIFS(TbApol[ItensEmit],TbApol[CodProd],$E$3,TbApol[CodTipNeg],$E$4,TbApol[DtEmissao],$D27),NA()) -> #N/A | H27: =AVERAGE($G$17:$G$19) -> 0 | I27: =SUMIFS(TbBsl[TxEmit],TbBsl[CodTipNeg],$E$4,TbBsl[CodProd],$E$3)*100 -> 0
D28: 46296 | E28: =SUMIFS(DbVlrIS!$D:$D,DbVlrIS!$A:$A,$E$3,DbVlrIS!$B:$B,$E$4,DbVlrIS!$C:$C,$D28) -> 48943.84 | F28: =IFERROR(SUMIFS(TbApol[PremEmit],TbApol[CodProd],$E$3,TbApol[CodTipNeg],$E$4,TbApol[DtEmissao],$D28)/ SUMIFS(TbApol[ItensEmit],TbApol[CodProd],$E$3,TbApol[CodTipNeg],$E$4,TbApol[DtEmissao],$D28),NA()) -> #N/A | H28: =AVERAGE($G$17:$G$19) -> 0 | I28: =SUMIFS(TbBsl[TxEmit],TbBsl[CodTipNeg],$E$4,TbBsl[CodProd],$E$3)*100 -> 0
D29: 46327 | E29: =SUMIFS(DbVlrIS!$D:$D,DbVlrIS!$A:$A,$E$3,DbVlrIS!$B:$B,$E$4,DbVlrIS!$C:$C,$D29) -> 49688.719 | F29: =IFERROR(SUMIFS(TbApol[PremEmit],TbApol[CodProd],$E$3,TbApol[CodTipNeg],$E$4,TbApol[DtEmissao],$D29)/ SUMIFS(TbApol[ItensEmit],TbApol[CodProd],$E$3,TbApol[CodTipNeg],$E$4,TbApol[DtEmissao],$D29),NA()) -> #N/A | H29: =AVERAGE($G$17:$G$19) -> 0 | I29: =SUMIFS(TbBsl[TxEmit],TbBsl[CodTipNeg],$E$4,TbBsl[CodProd],$E$3)*100 -> 0
D30: 46357 | E30: =SUMIFS(DbVlrIS!$D:$D,DbVlrIS!$A:$A,$E$3,DbVlrIS!$B:$B,$E$4,DbVlrIS!$C:$C,$D30) -> 50800.762 | F30: =IFERROR(SUMIFS(TbApol[PremEmit],TbApol[CodProd],$E$3,TbApol[CodTipNeg],$E$4,TbApol[DtEmissao],$D30)/ SUMIFS(TbApol[ItensEmit],TbApol[CodProd],$E$3,TbApol[CodTipNeg],$E$4,TbApol[DtEmissao],$D30),NA()) -> #N/A | H30: =AVERAGE($G$17:$G$19) -> 0 | I30: =SUMIFS(TbBsl[TxEmit],TbBsl[CodTipNeg],$E$4,TbBsl[CodProd],$E$3)*100 -> 0

Sheet Bsl
A1: CodTipNeg | B1: CodProd | C1: TxEmit | D1: IS | E1: TxConv
A2: 1 | B2: 431 | C2: 0.041528433 | D2: 83922.479 | E2: 0.0265589
A3: 1 | B3: 31018 | C3: 0.044324337 | D3: 256616.4 | E3: 0.10213873
A4: 1 | B4: 31020 | C4: 0.039182335 | D4: 85654.842 | E4: 0.17468101
A5: 1 | B5: 31041 | C5: 0.03523775 | D5: 79245.034 | E5: 0.018835962
A6: 1 | B6: 31111 | C6: 0.028615196 | D6: 127476.82 | E6: 0.028392326
A7: 2 | B7: 431 | C7: 0.029768667 | D7: 75855.364 | E7: inf
A8: 2 | B8: 31018 | C8: 0.029098694 | D8: 269966.59 | E8: inf
A9: 2 | B9: 31020 | C9: 0.035461702 | D9: 116431.27 | E9: inf
A10: 2 | B10: 31041 | C10: 0.029465172 | D10: 66896.087 | E10: inf
A11: 2 | B11: 31111 | C11: 0.026353647 | D11: 96169.249 | E11: inf
A12: 3 | B12: 431 | C12: 0.030685716 | D12: 82735.58 | E12: 0.046193865
A13: 3 | B13: 31018 | C13: 0.0404502 | D13: 221205.95 | E13: 0.082496622
A14: 3 | B14: 31020 | C14: 0.044233062 | D14: 119352.53 | E14: 0.1062711
A15: 3 | B15: 31041 | C15: 0.027716247 | D15: 71510.646 | E15: 0.008801585
A16: 3 | B16: 31111 | C16: 0.027247428 | D16: 108965.98 | E16: 0.029404789
